,idframe,RMSD,state
0,0,5.773641890826425,inactive
1,1,5.733651455664811,inactive
2,2,5.404958695880052,inactive
3,3,5.29853247518968,inactive
4,4,6.271720542985763,inactive
5,5,6.298421869940193,inactive
6,6,6.166506600941375,inactive
7,7,6.829500909400904,inactive
8,8,6.24220454107947,inactive
9,9,6.7771037564277385,inactive
10,10,7.00666575168188,inactive
11,11,7.788239454420035,inactive
12,12,6.839847224370167,inactive
13,13,7.377190234310075,inactive
14,14,7.134435817388524,inactive
15,15,6.56863435725318,inactive
16,16,6.236217309289701,inactive
17,17,7.016636221210853,inactive
18,18,7.59641776017705,inactive
19,19,8.178537708379448,inactive
20,20,7.303774451553902,inactive
21,21,7.765388875468757,inactive
22,22,6.545397290212125,inactive
23,23,5.889401088010157,inactive
24,24,5.567719062280478,inactive
25,25,6.828402340575824,inactive
26,26,7.974552456933992,inactive
27,27,7.338287592388423,inactive
28,28,8.250913197509803,inactive
29,29,7.5836657228852395,inactive
30,30,7.216449993005063,inactive
31,31,7.7161144261266825,inactive
32,32,7.128069110309392,inactive
33,33,8.332493770668325,inactive
34,34,7.256701919249969,inactive
35,35,7.019474426047983,inactive
36,36,7.187406160472491,inactive
37,37,6.87548425807532,inactive
38,38,6.189260321288274,inactive
39,39,6.337440441814264,inactive
40,40,6.245992152737166,inactive
41,41,5.881183428958976,inactive
42,42,6.359131067722941,inactive
43,43,6.630772241121134,inactive
44,44,5.70060893876584,inactive
45,45,5.588977493921486,inactive
46,46,5.231255454759017,inactive
47,47,5.4688536612845775,inactive
48,48,5.226502506460246,inactive
49,49,5.054447511820206,inactive
50,50,4.958206401263394,inactive
51,51,4.880678840469348,inactive
52,52,5.110807073914368,inactive
53,53,5.123051184886025,inactive
54,54,4.853617846497087,inactive
55,55,5.265150521656395,inactive
56,56,5.367714024412103,inactive
57,57,5.362337768433263,inactive
58,58,5.456901324997904,inactive
59,59,5.493410277899122,inactive
60,60,5.458338277100036,inactive
61,61,5.52291087516146,inactive
62,62,5.436401607757709,inactive
63,63,5.219971513642071,inactive
64,64,5.473865964888203,inactive
65,65,5.815038182299785,inactive
66,66,5.958924015859813,inactive
67,67,5.505262600558071,inactive
68,68,5.250566865488618,inactive
69,69,4.85048932456538,inactive
70,70,5.706783988484655,inactive
71,71,5.146927513571847,inactive
72,72,5.43324549395912,inactive
73,73,4.516894288108234,inactive
74,74,4.270699050370019,inactive
75,75,4.1733757585041165,inactive
76,76,4.052894853777359,inactive
77,77,5.202520423005805,inactive
78,78,4.839283523520873,inactive
79,79,5.1028409318988235,inactive
80,80,4.616834561521812,inactive
81,81,5.2572922597908915,inactive
82,82,5.682959795825624,inactive
83,83,6.065293973333496,inactive
84,84,5.8271883158368345,inactive
85,85,5.435303506179599,inactive
86,86,5.928745444716908,inactive
87,87,5.743357100124011,inactive
88,88,6.122559624957405,inactive
89,89,5.5302042796280535,inactive
90,90,5.937110987622303,inactive
91,91,5.40605852554403,inactive
92,92,5.547550091216806,inactive
93,93,5.2895615257273825,inactive
94,94,5.591943302006482,inactive
95,95,6.0688041146260465,inactive
96,96,5.608236328541022,inactive
97,97,6.092520393187857,inactive
98,98,5.683014377170658,inactive
99,99,5.903001591060722,inactive
100,100,5.714961134777485,inactive
101,101,6.596040701679538,inactive
102,102,5.590062802129286,inactive
103,103,5.401699865344596,inactive
104,104,5.776364294771548,inactive
105,105,6.198080578567414,inactive
106,106,6.305910563105791,inactive
107,107,6.297932573475042,inactive
108,108,6.0104692365861245,inactive
109,109,6.002003314489839,inactive
110,110,6.412908569105692,inactive
111,111,6.073657076941236,inactive
112,112,6.472892918342912,inactive
113,113,7.00057343330662,inactive
114,114,6.95520530440792,inactive
115,115,7.230019066520654,inactive
116,116,6.214283762143367,inactive
117,117,5.900620561884043,inactive
118,118,6.385792717361299,inactive
119,119,5.68012786040251,inactive
120,120,5.293435205142176,inactive
121,121,5.442661669776613,inactive
122,122,5.355521375784915,inactive
123,123,5.4936744822964165,inactive
124,124,5.518777473560231,inactive
125,125,4.764928380451365,inactive
126,126,5.558249014529896,inactive
127,127,5.272938310341986,inactive
128,128,6.191763634847401,inactive
129,129,6.70233618389397,inactive
130,130,5.656776585897604,inactive
131,131,6.071735507365356,inactive
132,132,6.3714085203602835,inactive
133,133,6.236957433115745,inactive
134,134,6.229651071303603,inactive
135,135,6.3414254487001624,inactive
136,136,6.180182599202658,inactive
137,137,5.864017496861158,inactive
138,138,6.143701156435714,inactive
139,139,6.280566926702578,inactive
140,140,5.780132203135978,inactive
141,141,5.595932523118141,inactive
142,142,5.644240700817842,inactive
143,143,5.951716337053575,inactive
144,144,5.497808827005485,inactive
145,145,5.118617192700152,inactive
146,146,4.50041331622576,inactive
147,147,5.153289369057574,inactive
148,148,5.359202257710901,inactive
149,149,4.868085922031713,inactive
150,150,4.986438779937223,inactive
151,151,4.9165281353496955,inactive
152,152,4.779527181715833,inactive
153,153,4.915330004238132,inactive
154,154,4.411358257850784,inactive
155,155,4.698615190234853,inactive
156,156,5.052355150046836,inactive
157,157,4.86368848228084,inactive
158,158,4.833114775464867,inactive
159,159,4.715066226412568,inactive
160,160,5.101336422225901,inactive
161,161,5.24976055183979,inactive
162,162,5.417985516371976,inactive
163,163,5.720423121763788,inactive
164,164,6.127464617975706,inactive
165,165,6.754684068447173,inactive
166,166,6.9516343405660885,inactive
167,167,6.767693963761878,inactive
168,168,6.527382071879697,inactive
169,169,5.941539885658497,inactive
170,170,5.8906973410042385,inactive
171,171,6.594323402881553,inactive
172,172,5.9939679346009545,inactive
173,173,7.287859053081007,inactive
174,174,8.113488521696311,inactive
175,175,7.379338686224055,inactive
176,176,8.250441917801583,inactive
177,177,7.832962282332635,inactive
178,178,8.758526587364232,transition
179,179,8.761480459421978,transition
180,180,8.492666716196752,inactive
181,181,7.3901378257487655,inactive
182,182,7.513925788807699,inactive
183,183,8.504710901378969,transition
184,184,8.753287359355637,transition
185,185,8.543309734069389,transition
186,186,7.9287581915838885,inactive
187,187,8.16385020942781,inactive
188,188,8.693745891237993,transition
189,189,8.521762102082464,transition
190,190,7.974122406121968,inactive
191,191,9.069930914005619,transition
192,192,7.676768695835283,inactive
193,193,6.1478319460178845,inactive
194,194,5.9948345037263016,inactive
195,195,7.3006458430917345,inactive
196,196,6.213266501131161,inactive
197,197,7.2670488217303575,inactive
198,198,8.548881494640199,transition
199,199,8.407449720761662,inactive
200,200,8.446841843720593,inactive
201,201,8.794503294312323,transition
202,202,8.471340180737798,inactive
203,203,8.474114618047832,inactive
204,204,10.532944627735528,transition
205,205,8.704686042466026,transition
206,206,8.435225794811421,inactive
207,207,9.094750124785945,transition
208,208,8.847623773231268,transition
209,209,7.908605753864785,inactive
210,210,8.71800644705947,transition
211,211,8.110495392201987,inactive
212,212,8.534172430307418,transition
213,213,9.18012983074709,transition
214,214,8.45943247358661,inactive
215,215,7.875593748256937,inactive
216,216,8.202769454135204,inactive
217,217,8.010621482130782,inactive
218,218,8.584142314102294,transition
219,219,8.060719534174847,inactive
220,220,7.526712962501472,inactive
221,221,7.765757785216722,inactive
222,222,8.469023520261358,inactive
223,223,7.514498795562327,inactive
224,224,8.257310872731017,inactive
225,225,7.596248108901548,inactive
226,226,8.776769991345372,transition
227,227,10.01676723010787,transition
228,228,10.077789265423979,transition
229,229,8.545055265808905,transition
230,230,7.761088422843481,inactive
231,231,9.640416062125942,transition
232,232,8.913206562921237,transition
233,233,9.019690089245497,transition
234,234,10.452896435605243,transition
235,235,9.102129463156773,transition
236,236,8.833765097179432,transition
237,237,9.356341817258969,transition
238,238,9.985153104029774,transition
239,239,8.522896761846116,transition
240,240,7.557085337697116,inactive
241,241,6.795002185536096,inactive
242,242,7.283926309394226,inactive
243,243,6.803369605299989,inactive
244,244,7.622743705350483,inactive
245,245,7.184988484716976,inactive
246,246,7.003142367600462,inactive
247,247,6.719258180704484,inactive
248,248,8.572712094975605,transition
249,249,7.821036552077497,inactive
250,250,7.237059436094221,inactive
251,251,7.180907802502854,inactive
252,252,7.333055899920572,inactive
253,253,7.007808671545066,inactive
254,254,6.881461983442547,inactive
255,255,6.633156013735704,inactive
256,256,8.07625612284464,inactive
257,257,8.274029239992023,inactive
258,258,7.308086246363603,inactive
259,259,7.205825856547751,inactive
260,260,8.393596069850739,inactive
261,261,7.065491872333057,inactive
262,262,6.492858332659814,inactive
263,263,7.2357682154017375,inactive
264,264,6.43786107581263,inactive
265,265,6.5980573724743,inactive
266,266,7.147493534063499,inactive
267,267,7.739943037815982,inactive
268,268,7.2917612478482905,inactive
269,269,6.638698534539308,inactive
270,270,7.3779600058933665,inactive
271,271,8.1012748211016,inactive
272,272,6.929920856818007,inactive
273,273,7.0598419256888185,inactive
274,274,7.540887902969918,inactive
275,275,8.13243993411988,inactive
276,276,9.180415289263657,transition
277,277,8.587617585924358,transition
278,278,7.901227506920253,inactive
279,279,8.4209115183309,inactive
280,280,8.847662740744381,transition
281,281,7.951369991624969,inactive
282,282,7.547959246883776,inactive
283,283,7.344120727214325,inactive
284,284,8.027413715132441,inactive
285,285,8.329082114062919,inactive
286,286,7.462981607517477,inactive
287,287,6.590270500923335,inactive
288,288,7.0325246235658945,inactive
289,289,6.67520898709795,inactive
290,290,6.747412882156201,inactive
291,291,6.7805166049121866,inactive
292,292,5.847066540263449,inactive
293,293,5.224722343213548,inactive
294,294,6.143949747905197,inactive
295,295,5.398355192564649,inactive
296,296,5.5596780173005245,inactive
297,297,5.800928982387073,inactive
298,298,5.749279383893682,inactive
299,299,6.408755768620562,inactive
300,300,5.980748415740916,inactive
301,301,6.432336666962209,inactive
302,302,6.294614866276017,inactive
303,303,5.628405617740751,inactive
304,304,6.573886006565797,inactive
305,305,6.419202196445975,inactive
306,306,6.623341673475334,inactive
307,307,7.127707348275427,inactive
308,308,9.035307843211008,transition
309,309,7.807788168923928,inactive
310,310,8.710776507635444,transition
311,311,7.565995536394611,inactive
312,312,8.248707320185042,inactive
313,313,7.9642745271600175,inactive
314,314,7.934380833309945,inactive
315,315,9.135903698427287,transition
316,316,8.83169594734081,transition
317,317,8.97541045464402,transition
318,318,8.567863695638428,transition
319,319,11.420975797060233,transition
320,320,10.198344828523524,transition
321,321,11.089340705095058,transition
322,322,11.42426446925907,transition
323,323,9.699572156906967,transition
324,324,9.949238793350991,transition
325,325,10.493702207292861,transition
326,326,10.216812539726527,transition
327,327,10.490909416193128,transition
328,328,11.108838430941244,transition
329,329,10.284210416347525,transition
330,330,11.100648694202794,transition
331,331,10.534604108969859,transition
332,332,8.96063672775607,transition
333,333,10.816255830157344,transition
334,334,10.579029506996047,transition
335,335,11.677117311071767,transition
336,336,11.149951317547226,transition
337,337,12.324194563376365,transition
338,338,12.111233155434213,transition
339,339,12.890161536203395,transition
340,340,13.324575142251339,transition
341,341,12.976956821854158,transition
342,342,11.414963046820674,transition
343,343,11.66737543575957,transition
344,344,11.833848912130943,transition
345,345,11.360558852315807,transition
346,346,13.063698104413728,transition
347,347,13.251893939126193,transition
348,348,14.060909283134677,active
349,349,14.389104060237282,active
350,350,13.52286279349123,transition
351,351,13.171296517986221,transition
352,352,11.947821465661606,transition
353,353,11.399944733722759,transition
354,354,11.11853332695203,transition
355,355,9.764613785701785,transition
356,356,8.797790103938205,transition
357,357,8.825827468989662,transition
358,358,8.55912433242169,transition
359,359,10.16262680153181,transition
360,360,9.815572353929234,transition
361,361,10.686078815785237,transition
362,362,12.148217453118734,transition
363,363,11.790683755160803,transition
364,364,10.678939066746954,transition
365,365,12.995515103353668,transition
366,366,11.46444112729699,transition
367,367,10.885014037218252,transition
368,368,10.406161210087534,transition
369,369,9.756730236827222,transition
370,370,10.556553696315838,transition
371,371,11.048845906754709,transition
372,372,8.73167801729635,transition
373,373,8.463597200238283,inactive
374,374,8.874980048821952,transition
375,375,8.832061993974847,transition
376,376,9.332759793274025,transition
377,377,9.43373116611054,transition
378,378,9.434942877671823,transition
379,379,10.489476437354508,transition
380,380,10.176122602936152,transition
381,381,11.137042308632335,transition
382,382,10.292322979190681,transition
383,383,9.489860429544404,transition
384,384,9.508625301710488,transition
385,385,9.64650933828345,transition
386,386,9.090296239275482,transition
387,387,9.05701922836976,transition
388,388,10.113015307363995,transition
389,389,9.713514954348927,transition
390,390,8.21299602319457,inactive
391,391,8.85295694698279,transition
392,392,9.943246215848113,transition
393,393,8.678259905576516,transition
394,394,10.916588394167297,transition
395,395,8.881617721096404,transition
396,396,9.813180647230709,transition
397,397,10.088147516731057,transition
398,398,10.200220127757957,transition
399,399,9.499117691698196,transition
400,400,16.68223109287399,active
401,401,9.642569977654963,transition
402,402,9.407166619389876,transition
403,403,8.980994071786894,transition
404,404,7.7355796176010365,inactive
405,405,9.300991924182465,transition
406,406,7.795799391411717,inactive
407,407,9.713580943454513,transition
408,408,8.836718121833625,transition
409,409,10.381406584620665,transition
410,410,10.301676391873029,transition
411,411,10.286762037868444,transition
412,412,9.245935784909676,transition
413,413,10.378352505907054,transition
414,414,10.913806386164609,transition
415,415,11.402712616900105,transition
416,416,11.060673407107734,transition
417,417,9.420971709920991,transition
418,418,10.17589215409718,transition
419,419,12.002296060247108,transition
420,420,10.68635204878812,transition
421,421,10.957298051708012,transition
422,422,11.950496055888955,transition
423,423,9.791841157517037,transition
424,424,10.218267036957544,transition
425,425,10.972164808908698,transition
426,426,9.479191294443307,transition
427,427,12.670585468716382,transition
428,428,10.726967107116446,transition
429,429,9.672133682413806,transition
430,430,16.232955128428415,active
431,431,16.477601338423476,active
432,432,11.955433756524647,transition
433,433,16.51403107783673,active
434,434,12.068954718583345,transition
435,435,18.50234558138948,active
436,436,17.52752066928651,active
437,437,18.335391704726597,active
438,438,18.553765143345,active
439,439,17.866735833697636,active
440,440,17.88915285357927,active
441,441,16.94981325875472,active
442,442,17.190564247366275,active
443,443,18.413860543499318,active
444,444,19.23226360643601,active
445,445,18.594874382815853,active
446,446,19.295854056255713,active
447,447,19.46946277646509,active
448,448,19.103159045306196,active
449,449,18.503312067779092,active
450,450,19.0844663787297,active
451,451,20.216905255747776,active
452,452,19.462914981688797,active
453,453,22.10604068326575,active
454,454,21.03312702406135,active
455,455,22.488797592294578,active
456,456,24.508560547580718,active
457,457,21.91958051901193,active
458,458,21.571822594623672,active
459,459,20.41917533436903,active
460,460,23.646750457704506,active
461,461,24.129026929624676,active
462,462,24.079693122689395,active
463,463,24.049780118382696,active
464,464,22.530741340816064,active
465,465,21.917928156161135,active
466,466,22.521322123083912,active
467,467,21.017793864764883,active
468,468,21.4266332101335,active
469,469,22.128514214964127,active
470,470,22.50454555076282,active
471,471,21.852544273868673,active
472,472,23.36785928885721,active
473,473,22.41014042907943,active
474,474,21.534068600986146,active
475,475,20.7939123614796,active
476,476,20.477245106531427,active
477,477,19.833597195587455,active
478,478,19.403907761851542,active
479,479,18.99962814099525,active
480,480,18.899206901572718,active
481,481,19.697381037273505,active
482,482,19.13768478125524,active
483,483,18.76863561286251,active
484,484,19.82368105011683,active
485,485,18.692461029714842,active
486,486,20.725231833901162,active
487,487,19.226384763394353,active
488,488,19.61024351552897,active
489,489,19.837914887322313,active
490,490,20.048216823305903,active
491,491,22.562541982827526,active
492,492,22.729702136247145,active
493,493,21.451330120429773,active
494,494,20.83543266886265,active
495,495,21.071586256305615,active
496,496,19.363794474811076,active
497,497,19.12468362212475,active
498,498,18.326865460705747,active
499,499,17.292416365900724,active
500,500,18.61524871414969,active
501,501,18.811646259057586,active
502,502,18.96053347722677,active
503,503,18.81121818387009,active
504,504,19.257326999693092,active
505,505,18.094711693915226,active
506,506,17.69550606418565,active
507,507,18.320253603109983,active
508,508,18.57841341350812,active
509,509,17.569140122418453,active
510,510,18.054898366410864,active
511,511,17.217065553310437,active
512,512,17.225945109661485,active
513,513,16.540745310410536,active
514,514,14.836806146934785,active
515,515,15.711423769935088,active
516,516,15.007812575647037,active
517,517,13.684726515071041,transition
518,518,14.389097865517396,active
519,519,15.030561737482085,active
520,520,14.241250304155185,active
521,521,15.038193759994662,active
522,522,16.073350997875835,active
523,523,16.188232830226333,active
524,524,16.983825655268685,active
525,525,18.01139795470914,active
526,526,16.91552052435052,active
527,527,17.530160502825602,active
528,528,18.709779862181964,active
529,529,19.775602669702586,active
530,530,21.515181337034015,active
531,531,21.20917926490738,active
532,532,22.279998490088836,active
533,533,21.178414049070998,active
534,534,22.05545781087703,active
535,535,22.060873163410907,active
536,536,21.254864800531696,active
537,537,21.620000243948596,active
538,538,24.988174064808813,active
539,539,22.716874174192498,active
540,540,22.363211340147256,active
541,541,22.80042809723157,active
542,542,23.481587262527253,active
543,543,22.558323628730363,active
544,544,20.709372093100786,active
545,545,20.42777204419201,active
546,546,21.864153368187537,active
547,547,20.50175417629334,active
548,548,22.055756202056912,active
549,549,21.085699350027486,active
550,550,22.185218587699612,active
551,551,20.931842278384455,active
552,552,20.81058142820507,active
553,553,22.79733493150829,active
554,554,24.1410757186159,active
555,555,23.82270627702398,active
556,556,22.28681809959504,active
557,557,25.453374560463978,active
558,558,23.86049008404343,active
559,559,25.434979017574104,active
560,560,23.999641881941688,active
561,561,23.382283098880517,active
562,562,22.40979883753497,active
563,563,23.89773994529545,active
564,564,24.651153794556613,active
565,565,22.502564777646203,active
566,566,21.678067863601548,active
567,567,23.51505912712079,active
568,568,24.667204759412733,active
569,569,26.316734052835084,active
570,570,26.6497799079105,active
571,571,22.159614326082856,active
572,572,22.279093586476023,active
573,573,22.439589515185343,active
574,574,22.113783674054414,active
575,575,22.413360677368104,active
576,576,24.520079925949556,active
577,577,22.884756411354417,active
578,578,23.20969560002423,active
579,579,25.127435351638788,active
580,580,24.432597843775426,active
581,581,23.496365137982313,active
582,582,26.83895619199993,active
583,583,24.234645690949975,active
584,584,24.300686433962547,active
585,585,24.799281379276923,active
586,586,27.223939011264868,active
587,587,27.416779439324056,active
588,588,4.591359874500382,inactive
589,589,4.621125068415256,inactive
590,590,4.866137826002558,inactive
591,591,27.017065264245485,active
592,592,6.1648450988554355,inactive
593,593,27.3903630102895,active
594,594,27.045705674709406,active
595,595,26.916718945008316,active
596,596,28.21468946603389,active
597,597,24.83636045473939,active
598,598,24.556653431442623,active
599,599,27.63851763780192,active
600,600,26.078555170830956,active
601,601,23.38489977176364,active
602,602,21.460011261692074,active
603,603,21.90546295946898,active
604,604,23.548863781832097,active
605,605,25.717184591041004,active
606,606,27.430434204490616,active
607,607,25.97412446692075,active
608,608,25.43979420984819,active
609,609,25.167316592591412,active
610,610,27.11523078747362,active
611,611,5.616992357250965,inactive
612,612,6.222780768673556,inactive
613,613,4.875390586266346,inactive
614,614,5.627151602853761,inactive
615,615,4.817579309863743,inactive
616,616,4.511478332312408,inactive
617,617,4.696222080476897,inactive
618,618,27.055073431767433,active
619,619,27.137332363142182,active
620,620,5.309949508943735,inactive
621,621,4.333411171305672,inactive
622,622,29.87335298318347,active
623,623,27.981068223484836,active
624,624,27.54606762658597,active
625,625,27.587597264687478,active
626,626,26.444316388960583,active
627,627,26.74429634764095,active
628,628,28.332612079775405,active
629,629,6.167862708351697,inactive
630,630,6.021156544898675,inactive
631,631,5.950426779562977,inactive
632,632,27.138682815823753,active
633,633,27.589003751882114,active
634,634,5.871230982971016,inactive
635,635,5.5775864801036965,inactive
636,636,9.24438792799942,transition
637,637,4.567759228380454,inactive
638,638,5.28481676240538,inactive
639,639,5.563295234146098,inactive
640,640,5.101113427973848,inactive
641,641,5.058582612935375,inactive
642,642,4.816658318035681,inactive
643,643,10.694968707716866,transition
644,644,5.112589845306391,inactive
645,645,4.554381356668284,inactive
646,646,4.624755465851786,inactive
647,647,8.155759468878339,inactive
648,648,7.866019445683557,inactive
649,649,8.41210509776938,inactive
650,650,4.562869633266406,inactive
651,651,5.198701978324426,inactive
652,652,9.466399909643531,transition
653,653,9.179364170009057,transition
654,654,9.230115414272317,transition
655,655,8.906673820216287,transition
656,656,8.353653494272123,inactive
657,657,7.82194267313125,inactive
658,658,8.275200615658393,inactive
659,659,8.140911117118796,inactive
660,660,8.049455426098538,inactive
661,661,8.292671469671422,inactive
662,662,8.395458208223918,inactive
663,663,9.85278184560178,transition
664,664,17.80182445950228,active
665,665,9.909396721862612,transition
666,666,9.743271990834595,transition
667,667,9.230206455752535,transition
668,668,17.392505622215452,active
669,669,17.64844891255878,active
670,670,16.107451522240233,active
671,671,9.059805208972792,transition
672,672,17.17401212275928,active
673,673,15.718395354320364,active
674,674,17.799815578932865,active
675,675,8.399480781695223,inactive
676,676,19.259975520711944,active
677,677,8.556782773247575,transition
678,678,6.4681877128818535,inactive
679,679,6.609009440038806,inactive
680,680,7.252384614980893,inactive
681,681,6.409866621853546,inactive
682,682,5.998136088085158,inactive
683,683,6.650307521813016,inactive
684,684,5.957611435188509,inactive
685,685,4.0948779057505735,inactive
686,686,6.313938166493455,inactive
687,687,5.406008715010719,inactive
688,688,6.413695382677994,inactive
689,689,6.793740927273975,inactive
690,690,6.919756353950984,inactive
691,691,6.962726817686354,inactive
692,692,7.818740492411426,inactive
693,693,7.568684965070255,inactive
694,694,6.712903501071207,inactive
695,695,6.763795441638734,inactive
696,696,7.469796650633124,inactive
697,697,7.863411119620492,inactive
698,698,7.321006718768791,inactive
699,699,7.129250535031092,inactive
700,700,6.487142836532922,inactive
701,701,6.824662632603462,inactive
702,702,3.8084000942481318,inactive
703,703,7.10676352775534,inactive
704,704,6.422787163201154,inactive
705,705,6.415454454933876,inactive
706,706,5.757904360519863,inactive
707,707,6.2749317498696415,inactive
708,708,5.671486071147363,inactive
709,709,6.215379097982802,inactive
710,710,6.114387064699933,inactive
711,711,6.204782061904567,inactive
712,712,5.8686892277351435,inactive
713,713,6.506513162739295,inactive
714,714,5.8660359019118165,inactive
715,715,5.504038550976735,inactive
716,716,5.76341057491608,inactive
717,717,5.167156951845752,inactive
718,718,5.386480159324852,inactive
719,719,4.910166932619984,inactive
720,720,5.26346225300742,inactive
721,721,5.223634531938524,inactive
722,722,5.411446607828325,inactive
723,723,5.907442228550349,inactive
724,724,5.623124128255357,inactive
725,725,5.59863366920881,inactive
726,726,5.460790521507782,inactive
727,727,5.964964847633706,inactive
728,728,5.603074138348272,inactive
729,729,6.042275150960538,inactive
730,730,5.954306971674046,inactive
731,731,5.840777961471433,inactive
732,732,5.102663231136823,inactive
733,733,4.604783914186714,inactive
734,734,5.658123542869148,inactive
735,735,5.996722023338656,inactive
736,736,5.766990375346571,inactive
737,737,6.317302877020896,inactive
738,738,5.727200570387461,inactive
739,739,4.1049373768229405,inactive
740,740,5.491058004979314,inactive
741,741,5.534079134665881,inactive
742,742,5.460391031441757,inactive
743,743,5.254237619797975,inactive
744,744,5.8593171976656695,inactive
745,745,5.7404604820760365,inactive
746,746,5.0796900735522845,inactive
747,747,5.822636926461391,inactive
748,748,4.375038174278199,inactive
749,749,6.0625575139050865,inactive
750,750,5.928491377223416,inactive
751,751,3.666166721580134,inactive
752,752,7.152359642543781,inactive
753,753,4.007142041770087,inactive
754,754,4.208483603377306,inactive
755,755,4.323855373471582,inactive
756,756,4.924036417591958,inactive
757,757,34.78410597956921,active
758,758,21.008893558688165,active
759,759,21.91891341118912,active
760,760,31.520841777130535,active
761,761,29.035388274521537,active
762,762,29.072672524777524,active
763,763,29.702053007211397,active
764,764,27.94659314151452,active
765,765,28.79573525636196,active
766,766,30.04878025362318,active
767,767,33.057992547556864,active
768,768,30.31600023358577,active
769,769,29.868686232280872,active
770,770,31.74284863445726,active
771,771,30.15315158388914,active
772,772,32.23668015084704,active
773,773,31.64594449009879,active
774,774,31.396712575591078,active
775,775,29.694767775255027,active
776,776,31.09639948903798,active
777,777,31.35889750840702,active
778,778,34.1817518435863,active
779,779,33.33320342486787,active
780,780,34.27025771476563,active
781,781,32.41414938591047,active
782,782,29.15278904619265,active
783,783,18.321527589707177,active
784,784,15.786040454430239,active
785,785,16.135339978970045,active
786,786,15.672612620918525,active
787,787,13.650501406300416,transition
788,788,13.560420833684901,transition
789,789,15.484396396347146,active
790,790,15.00683069180519,active
791,791,25.097860257208342,active
792,792,14.829769936095332,active
793,793,17.308202288105353,active
794,794,17.655444453916708,active
795,795,17.206705919695864,active
796,796,16.373855730002873,active
797,797,18.17404360197459,active
798,798,18.20471898800609,active
799,799,17.447122835519828,active
800,800,17.95947597216038,active
801,801,17.98993852965568,active
802,802,18.058825060783583,active
803,803,17.517706327782705,active
804,804,16.68278485610044,active
805,805,16.089665245252036,active
806,806,15.183125176508618,active
807,807,15.031637329565198,active
808,808,15.957532284546955,active
809,809,16.311899793694632,active
810,810,16.30863592150711,active
811,811,16.023643746018305,active
812,812,16.605941333355776,active
813,813,17.606033263830856,active
814,814,17.170225201768034,active
815,815,16.61943316756097,active
816,816,15.755907222736777,active
817,817,17.563715823892455,active
818,818,18.862434554828933,active
819,819,17.742963210993537,active
820,820,16.809420425715224,active
821,821,17.265754997181535,active
822,822,17.760708107357893,active
823,823,18.01703604445551,active
824,824,18.331266201077188,active
825,825,16.400234822510384,active
826,826,15.279023771298904,active
827,827,18.238047347655385,active
828,828,16.2355203800086,active
829,829,15.391920914058147,active
830,830,15.491041557609783,active
831,831,15.372282918056257,active
832,832,15.808911285761349,active
833,833,16.092326552752912,active
834,834,15.09172106651723,active
835,835,16.643168836719514,active
836,836,17.08397504854231,active
837,837,17.563834592898516,active
838,838,15.806984481515544,active
839,839,17.100028515109557,active
840,840,18.838347772805133,active
841,841,18.78233197728148,active
842,842,17.57814539963471,active
843,843,14.041255619324543,active
844,844,14.93626327727566,active
845,845,13.962561502126965,transition
846,846,14.92422895543237,active
847,847,15.886324780051133,active
848,848,15.903853629195998,active
849,849,15.201265004881446,active
850,850,14.161475219451656,active
851,851,13.794755442758808,transition
852,852,12.921199161378702,transition
853,853,14.363634069781236,active
854,854,14.122387608748673,active
855,855,12.879722754732379,transition
856,856,13.87249015836574,transition
857,857,14.657255889292033,active
858,858,15.280457780944822,active
859,859,16.038667048124587,active
860,860,15.367940630481913,active
861,861,16.730740161194507,active
862,862,15.228561020781756,active
863,863,15.508865395117223,active
864,864,14.448699860381813,active
865,865,13.5663558858674,transition
866,866,14.024199540094466,active
867,867,15.806292465708557,active
868,868,14.551594544770397,active
869,869,15.320411581923327,active
870,870,15.324405870127928,active
871,871,14.975660527903859,active
872,872,16.94008895004786,active
873,873,16.775733263004792,active
874,874,17.327501350198915,active
875,875,17.415748167446086,active
876,876,18.34268429778869,active
877,877,17.13263193497054,active
878,878,17.75261689104279,active
879,879,16.94928965473497,active
880,880,15.754042382605345,active
881,881,17.40420967564248,active
882,882,17.965241842212816,active
883,883,19.36990393822063,active
884,884,19.71143400515779,active
885,885,17.843389987044603,active
886,886,17.276950467395093,active
887,887,15.602910365968203,active
888,888,17.26290158477741,active
889,889,17.753160047780312,active
890,890,18.811380470625064,active
891,891,18.961426834402936,active
892,892,19.756191792564675,active
893,893,19.162197771236023,active
894,894,18.02547734376227,active
895,895,17.905380347788192,active
896,896,17.35828544907583,active
897,897,15.174045537037198,active
898,898,27.256877987747526,active
899,899,27.327478987039665,active
900,900,27.676034534648082,active
901,901,27.595331087624462,active
902,902,30.234272942341885,active
903,903,29.28202380942912,active
904,904,29.323475940062753,active
905,905,27.22762569336788,active
906,906,26.952746761604015,active
907,907,27.386639861190368,active
908,908,26.264020900346626,active
909,909,27.162992536107776,active
910,910,25.405859654933856,active
911,911,27.110858724434937,active
912,912,25.621700545570892,active
913,913,27.143140888268338,active
914,914,27.813751388663082,active
915,915,27.81386116769395,active
916,916,16.264202604582454,active
917,917,17.572159259354187,active
918,918,14.790461898969811,active
919,919,16.37109307441613,active
920,920,16.22229344020522,active
921,921,15.458707707147127,active
922,922,15.007485775715436,active
923,923,25.34464104295491,active
924,924,24.736732168427224,active
925,925,23.960988451404017,active
926,926,14.775351427622088,active
927,927,15.469293005880562,active
928,928,15.136182395151847,active
929,929,15.11849446090264,active
930,930,15.211262575432558,active
931,931,15.380703713044797,active
932,932,15.327946232368822,active
933,933,14.810919316299668,active
934,934,14.754458380307124,active
935,935,14.92110937311855,active
936,936,15.679478476591324,active
937,937,14.34630406145524,active
938,938,14.89648736447306,active
939,939,14.954546155280713,active
940,940,15.222404474304524,active
941,941,15.209443974507508,active
942,942,17.675864917232072,active
943,943,14.84931067685842,active
944,944,16.139354637748674,active
945,945,16.60974424392352,active
946,946,16.610038786585,active
947,947,17.237105731795822,active
948,948,15.433668825313466,active
949,949,14.813410108803192,active
950,950,14.590408912480413,active
951,951,14.775047783612898,active
952,952,17.407137781331443,active
953,953,16.010888381309368,active
954,954,16.739456389468412,active
955,955,14.90696417366389,active
956,956,15.272494486509725,active
957,957,13.963443438638139,transition
958,958,14.14981553361452,active
959,959,14.349957391972383,active
960,960,14.387920066734562,active
961,961,15.045861465266011,active
962,962,16.496815268063067,active
963,963,15.24929429086789,active
964,964,17.260805017088455,active
965,965,16.4953445499841,active
966,966,17.41444879295194,active
967,967,16.041156577911472,active
968,968,15.99732652086965,active
969,969,16.012552010104447,active
970,970,15.860510098133215,active
971,971,16.199274126219258,active
972,972,16.315311370589747,active
973,973,15.02030501441555,active
974,974,14.72521017640131,active
975,975,17.352897899374938,active
976,976,16.716452247337912,active
977,977,17.33316992571292,active
978,978,18.622876699273306,active
979,979,18.555186127377894,active
980,980,16.48033181881502,active
981,981,16.37680445705152,active
982,982,17.696476086486168,active
983,983,17.750291124845184,active
984,984,18.366908091519225,active
985,985,18.638307595897516,active
986,986,16.82641839479056,active
987,987,16.212999169864773,active
988,988,17.147563859897854,active
989,989,15.86649630323032,active
990,990,15.648669866869307,active
991,991,14.152208132715336,active
992,992,15.871577093622541,active
993,993,14.314477146600137,active
994,994,15.183286824988757,active
995,995,15.461666249439906,active
996,996,14.346911781655574,active
997,997,14.22841568411749,active
998,998,15.846538043688204,active
999,999,15.221841001806776,active
1000,1000,15.852986884868615,active
1001,1001,14.511805234196782,active
1002,1002,14.802910074115195,active
1003,1003,14.690061115617626,active
1004,1004,15.504545728871058,active
1005,1005,16.01090119019963,active
1006,1006,14.1059080247641,active
1007,1007,14.255440605822669,active
1008,1008,15.15600093055584,active
1009,1009,17.233528367573136,active
1010,1010,16.954932800215733,active
1011,1011,17.158098357211497,active
1012,1012,17.211156350669782,active
1013,1013,17.642851464065057,active
1014,1014,18.18200811546334,active
1015,1015,15.93013471136601,active
1016,1016,16.205510448578774,active
1017,1017,16.7723089045106,active
1018,1018,16.76288040512657,active
1019,1019,15.867520977017255,active
1020,1020,17.69138693417997,active
1021,1021,19.75328732105894,active
1022,1022,19.120253839661572,active
1023,1023,18.752346080434194,active
1024,1024,17.902401445337777,active
1025,1025,18.364241866744145,active
1026,1026,7.575703064639409,inactive
1027,1027,6.710406238858143,inactive
1028,1028,17.4399211425656,active
1029,1029,17.208177253499663,active
1030,1030,16.63708877854173,active
1031,1031,16.70159011480334,active
1032,1032,17.761116053890387,active
1033,1033,16.526886511934862,active
1034,1034,16.43942069458371,active
1035,1035,14.40014643296077,active
1036,1036,16.016529066553503,active
1037,1037,15.180710863861432,active
1038,1038,15.762773352176827,active
1039,1039,15.038790021831982,active
1040,1040,15.945910265119888,active
1041,1041,14.304866044885554,active
1042,1042,16.293131976966503,active
1043,1043,15.535978649851732,active
1044,1044,15.27241542632855,active
1045,1045,15.380254987572876,active
1046,1046,16.94621434145159,active
1047,1047,15.96567624584408,active
1048,1048,14.630731522695584,active
1049,1049,15.369258276462268,active
1050,1050,15.538228412784028,active
1051,1051,14.80842454122904,active
1052,1052,15.01816707111362,active
1053,1053,15.767735478923795,active
1054,1054,16.016022520310816,active
1055,1055,14.905194390461455,active
1056,1056,13.559715179121596,transition
1057,1057,14.820532194672223,active
1058,1058,14.108407634810504,active
1059,1059,14.663328544396284,active
1060,1060,13.669112332744392,transition
1061,1061,14.559454629043893,active
1062,1062,14.693056442061541,active
1063,1063,13.07221950145294,transition
1064,1064,13.377572018410167,transition
1065,1065,12.834578658754992,transition
1066,1066,12.367439485680787,transition
1067,1067,12.79986549165674,transition
1068,1068,12.18427767153471,transition
1069,1069,13.52919594242027,transition
1070,1070,11.159407619608242,transition
1071,1071,12.499336149603648,transition
1072,1072,11.521663084564779,transition
1073,1073,11.382438595076126,transition
1074,1074,11.586124636212329,transition
1075,1075,12.347228251095292,transition
1076,1076,11.169986102672354,transition
1077,1077,12.939671194633696,transition
1078,1078,14.746932080352105,active
1079,1079,14.383803104416902,active
1080,1080,14.241359262853411,active
1081,1081,13.589032903029706,transition
1082,1082,12.146600327817813,transition
1083,1083,13.11164171884972,transition
1084,1084,14.686116322711744,active
1085,1085,13.610241909516448,transition
1086,1086,13.914987812946041,transition
1087,1087,15.232953246912908,active
1088,1088,14.751483329246161,active
1089,1089,15.246851197993495,active
1090,1090,14.71093731351124,active
1091,1091,14.547787836791441,active
1092,1092,15.243273436484635,active
1093,1093,14.710766817844071,active
1094,1094,14.438150454218247,active
1095,1095,14.169904615640519,active
1096,1096,15.461477226885199,active
1097,1097,15.081807923760554,active
1098,1098,14.225562182824278,active
1099,1099,14.745707056705955,active
1100,1100,14.93824906752054,active
1101,1101,15.716443899360378,active
1102,1102,14.588462213602012,active
1103,1103,14.015638580478202,active
1104,1104,14.079559927218982,active
1105,1105,13.444931489129901,transition
1106,1106,13.15588542117027,transition
1107,1107,13.762364886327417,transition
1108,1108,14.139898671126144,active
1109,1109,13.395086255089044,transition
1110,1110,15.906654789609956,active
1111,1111,15.02186334414126,active
1112,1112,14.016312310564441,active
1113,1113,13.542833246729813,transition
1114,1114,12.627771294390849,transition
1115,1115,12.534659414208294,transition
1116,1116,13.158258851190038,transition
1117,1117,12.965888952410845,transition
1118,1118,13.737248764714868,transition
1119,1119,14.340335753258795,active
1120,1120,15.037914298327731,active
1121,1121,14.82932667200815,active
1122,1122,15.444876823475735,active
1123,1123,13.329508105195078,transition
1124,1124,14.304442872359758,active
1125,1125,14.36341570608956,active
1126,1126,16.325604402142243,active
1127,1127,16.83605969244605,active
1128,1128,16.055624653106037,active
1129,1129,16.583223899838544,active
1130,1130,17.724047639057723,active
1131,1131,16.70098375516551,active
1132,1132,18.05209906684232,active
1133,1133,8.032526197410489,inactive
1134,1134,8.677420806074924,transition
1135,1135,8.225740345753401,inactive
1136,1136,6.970907435818933,inactive
1137,1137,7.14177360879957,inactive
1138,1138,7.1847607520702415,inactive
1139,1139,7.147268859503282,inactive
1140,1140,7.325498271129199,inactive
1141,1141,6.513730328844628,inactive
1142,1142,6.748860325312193,inactive
1143,1143,7.041541178293473,inactive
1144,1144,6.661055938052512,inactive
1145,1145,6.478673084491361,inactive
1146,1146,6.114228915317928,inactive
1147,1147,5.757790414543908,inactive
1148,1148,5.494771538447766,inactive
1149,1149,5.461913712503073,inactive
1150,1150,5.506116135541714,inactive
1151,1151,6.25815289811831,inactive
1152,1152,6.215339360472817,inactive
1153,1153,6.284184512973537,inactive
1154,1154,6.544789478500977,inactive
1155,1155,6.114166167543668,inactive
1156,1156,5.816223876648311,inactive
1157,1157,6.686281220962239,inactive
1158,1158,6.640541845148552,inactive
1159,1159,19.688916071386956,active
1160,1160,18.375874852540363,active
1161,1161,20.367432959130987,active
1162,1162,17.804876014221097,active
1163,1163,6.285943824060584,inactive
1164,1164,19.473666520860345,active
1165,1165,6.340429745369198,inactive
1166,1166,19.703511373314978,active
1167,1167,6.533001535740914,inactive
1168,1168,6.357134192639064,inactive
1169,1169,6.872539749373669,inactive
1170,1170,6.261759888960983,inactive
1171,1171,6.403241188008218,inactive
1172,1172,17.95144523672674,active
1173,1173,16.49608394166208,active
1174,1174,16.065811087049138,active
1175,1175,14.364194051733259,active
1176,1176,15.452017872120754,active
1177,1177,16.647505727939,active
1178,1178,17.253506775236854,active
1179,1179,17.429673092036012,active
1180,1180,16.974659559899376,active
1181,1181,16.92553582242546,active
1182,1182,15.587092805612617,active
1183,1183,17.794472533736787,active
1184,1184,15.645485223850999,active
1185,1185,16.18046664423808,active
1186,1186,16.04678876533865,active
1187,1187,16.151790530895862,active
1188,1188,18.958099169115552,active
1189,1189,19.233182843172727,active
1190,1190,16.576817418612002,active
1191,1191,16.531686064148207,active
1192,1192,16.653741300990152,active
1193,1193,15.390012514284978,active
1194,1194,15.870159500592424,active
1195,1195,16.351130663271373,active
1196,1196,16.071975626548085,active
1197,1197,15.444033441869598,active
1198,1198,15.819457270676184,active
1199,1199,14.584242274801348,active
1200,1200,15.122786832478715,active
1201,1201,14.868844145492186,active
1202,1202,14.941636506438883,active
1203,1203,16.26693422142475,active
1204,1204,7.399758894924518,inactive
1205,1205,7.57507729116562,inactive
1206,1206,8.027138689462857,inactive
1207,1207,16.026066257242775,active
1208,1208,16.791129387955944,active
1209,1209,15.900170830554348,active
1210,1210,16.272327427903793,active
1211,1211,15.013308888337255,active
1212,1212,15.384669258828158,active
1213,1213,15.02386600025855,active
1214,1214,16.01717234146851,active
1215,1215,15.320909627513466,active
1216,1216,15.422014359842207,active
1217,1217,14.926159667842244,active
1218,1218,14.076098559503261,active
1219,1219,13.554093784250217,transition
1220,1220,14.296188576706317,active
1221,1221,14.546970034973908,active
1222,1222,11.677365787647588,transition
1223,1223,13.544479270571125,transition
1224,1224,13.439781511990413,transition
1225,1225,13.665460387478118,transition
1226,1226,12.1828672679894,transition
1227,1227,12.62470109922442,transition
1228,1228,12.089424535154416,transition
1229,1229,10.893795716056788,transition
1230,1230,10.657453782486705,transition
1231,1231,12.305409808489475,transition
1232,1232,10.275809797775906,transition
1233,1233,10.804586240834706,transition
1234,1234,10.962774098886129,transition
1235,1235,12.523347937664049,transition
1236,1236,10.721507667997372,transition
1237,1237,10.409367391494893,transition
1238,1238,10.024017742528702,transition
1239,1239,10.029336960531634,transition
1240,1240,11.122925030485385,transition
1241,1241,10.370888146893686,transition
1242,1242,12.304392243464296,transition
1243,1243,12.391132119973681,transition
1244,1244,11.564493052268988,transition
1245,1245,12.648480406661331,transition
1246,1246,11.594367341446272,transition
1247,1247,13.792112703522498,transition
1248,1248,13.358124150683356,transition
1249,1249,11.809041954382348,transition
1250,1250,13.209251680478351,transition
1251,1251,14.224981006725528,active
1252,1252,14.345944185514837,active
1253,1253,14.980736022753556,active
1254,1254,13.45335845629406,transition
1255,1255,14.23165940935723,active
1256,1256,15.192874466441557,active
1257,1257,14.876341808125533,active
1258,1258,13.907363832575744,transition
1259,1259,14.127626126504957,active
1260,1260,13.973882397565006,transition
1261,1261,12.910322199296273,transition
1262,1262,13.81831531067975,transition
1263,1263,13.358358835807955,transition
1264,1264,15.957085364526005,active
1265,1265,14.8964121012973,active
1266,1266,14.512712354376589,active
1267,1267,14.816653625988472,active
1268,1268,15.852680799420067,active
1269,1269,14.60791837500448,active
1270,1270,15.92903158936421,active
1271,1271,15.576032700644417,active
1272,1272,15.160055893535342,active
1273,1273,14.895301720654997,active
1274,1274,15.51163002552792,active
1275,1275,14.271826620186486,active
1276,1276,14.9126754763207,active
1277,1277,13.028650776745454,transition
1278,1278,12.46466603040305,transition
1279,1279,12.209400928752924,transition
1280,1280,12.465400289226842,transition
1281,1281,12.142425169527217,transition
1282,1282,11.801834107559127,transition
1283,1283,12.336927406543525,transition
1284,1284,12.37056401405705,transition
1285,1285,11.341014363557852,transition
1286,1286,11.78866510200328,transition
1287,1287,11.839535179888808,transition
1288,1288,11.552462757084117,transition
1289,1289,10.476105519891204,transition
1290,1290,12.871533381903282,transition
1291,1291,12.861856333829305,transition
1292,1292,12.440914253466007,transition
1293,1293,12.260336784426606,transition
1294,1294,12.675808639250292,transition
1295,1295,13.050555886994323,transition
1296,1296,13.894895048456606,transition
1297,1297,12.345335613492962,transition
1298,1298,12.60840593704085,transition
1299,1299,12.534624531516618,transition
1300,1300,11.173922015263571,transition
1301,1301,11.291614881422753,transition
1302,1302,11.587789932494346,transition
1303,1303,11.275353668345439,transition
1304,1304,11.685934533223065,transition
1305,1305,10.59638117467359,transition
1306,1306,10.481395574346276,transition
1307,1307,10.160391204137431,transition
1308,1308,11.025325949831812,transition
1309,1309,12.348974234833124,transition
1310,1310,11.951415394578806,transition
1311,1311,13.970492531835319,transition
1312,1312,14.040573682297511,active
1313,1313,13.58285078729036,transition
1314,1314,13.41481104221583,transition
1315,1315,13.201402725598648,transition
1316,1316,11.393143297171592,transition
1317,1317,11.759317519557223,transition
1318,1318,11.519388581471455,transition
1319,1319,10.66554929440872,transition
1320,1320,11.326721794951503,transition
1321,1321,11.991769671381594,transition
1322,1322,12.358982512553514,transition
1323,1323,10.806507620400858,transition
1324,1324,11.113790204938375,transition
1325,1325,11.303141472148896,transition
1326,1326,11.774576799948866,transition
1327,1327,11.922675990177712,transition
1328,1328,11.478750320840447,transition
1329,1329,12.140848152391593,transition
1330,1330,12.792995516609226,transition
1331,1331,13.064354426390802,transition
1332,1332,11.861398573639638,transition
1333,1333,11.324737721776861,transition
1334,1334,12.24061415528729,transition
1335,1335,12.133002716919684,transition
1336,1336,12.50386267596795,transition
1337,1337,12.174212562835894,transition
1338,1338,11.67222844328173,transition
1339,1339,11.8943907810752,transition
1340,1340,11.758746495039281,transition
1341,1341,13.009752307605904,transition
1342,1342,11.840091985657217,transition
1343,1343,11.657728861330133,transition
1344,1344,13.018284982382578,transition
1345,1345,12.055786830019123,transition
1346,1346,13.420008073581473,transition
1347,1347,13.091465917186179,transition
1348,1348,12.216620458699902,transition
1349,1349,12.049392909647416,transition
1350,1350,11.874486737077923,transition
1351,1351,11.87533744093919,transition
1352,1352,11.561675274231586,transition
1353,1353,11.932584244545264,transition
1354,1354,11.358919425628693,transition
1355,1355,11.241069160300118,transition
1356,1356,10.689380301717074,transition
1357,1357,11.132621214683606,transition
1358,1358,10.550397889701442,transition
1359,1359,11.335266466530053,transition
1360,1360,10.775446846198408,transition
1361,1361,10.405066192845977,transition
1362,1362,9.635351483899274,transition
1363,1363,11.002931304610934,transition
1364,1364,10.397320360574806,transition
1365,1365,10.361880038522372,transition
1366,1366,8.936304746121975,transition
1367,1367,9.668485273949273,transition
1368,1368,10.585750037728863,transition
1369,1369,9.278074281318663,transition
1370,1370,9.868756431498044,transition
1371,1371,9.103856351835056,transition
1372,1372,9.766172444655199,transition
1373,1373,8.799032706482214,transition
1374,1374,8.942121057918872,transition
1375,1375,8.966017471136999,transition
1376,1376,9.560205867593254,transition
1377,1377,9.727981537764064,transition
1378,1378,9.151713246018968,transition
1379,1379,8.903410913671904,transition
1380,1380,9.200117723620417,transition
1381,1381,9.523763607862607,transition
1382,1382,9.942220771766845,transition
1383,1383,9.839093503933391,transition
1384,1384,10.655728665950024,transition
1385,1385,10.224490132668349,transition
1386,1386,10.878786326589479,transition
1387,1387,12.182852168586244,transition
1388,1388,12.029082139545395,transition
1389,1389,10.601079592036383,transition
1390,1390,11.224930473248792,transition
1391,1391,11.776724995744836,transition
1392,1392,10.474668673502965,transition
1393,1393,10.943747227046892,transition
1394,1394,10.473934637762733,transition
1395,1395,10.735164928195788,transition
1396,1396,10.342283633429162,transition
1397,1397,10.39146506895612,transition
1398,1398,10.368380889330243,transition
1399,1399,9.82800186997427,transition
1400,1400,10.193966342331983,transition
1401,1401,9.453333602847387,transition
1402,1402,9.436222368775564,transition
1403,1403,9.697706544071103,transition
1404,1404,9.5089295756775,transition
1405,1405,8.550582667166621,transition
1406,1406,8.794042111675152,transition
1407,1407,9.034214584285678,transition
1408,1408,9.629812401292938,transition
1409,1409,10.630494553883088,transition
1410,1410,9.416531951179842,transition
1411,1411,9.360060994115935,transition
1412,1412,9.113655385767379,transition
1413,1413,9.284509787071322,transition
1414,1414,9.955079069054188,transition
1415,1415,10.936294274739216,transition
1416,1416,10.107493312438919,transition
1417,1417,10.049171531736919,transition
1418,1418,9.27211445832773,transition
1419,1419,8.39860632213411,inactive
1420,1420,8.622995232431677,transition
1421,1421,8.062511392967298,inactive
1422,1422,8.547090572195247,transition
1423,1423,8.411931901283754,inactive
1424,1424,9.091226354030637,transition
1425,1425,8.509570668685177,transition
1426,1426,9.742325696734046,transition
1427,1427,10.653689088084956,transition
1428,1428,10.100885396136173,transition
1429,1429,10.5962640611666,transition
1430,1430,9.97159839000893,transition
1431,1431,9.05849937965112,transition
1432,1432,10.646330676839513,transition
1433,1433,10.986189816569775,transition
1434,1434,9.842307818572412,transition
1435,1435,9.893112059330296,transition
1436,1436,10.933875362510975,transition
1437,1437,10.504781993064032,transition
1438,1438,10.053042037518734,transition
1439,1439,11.046039563750542,transition
1440,1440,11.166130129886309,transition
1441,1441,12.971970050571038,transition
1442,1442,10.25019044355658,transition
1443,1443,10.742486487888112,transition
1444,1444,10.373830712455687,transition
1445,1445,10.919038382841254,transition
1446,1446,11.97174288411322,transition
1447,1447,11.471837800526606,transition
1448,1448,11.329097980000578,transition
1449,1449,11.01652745037344,transition
1450,1450,11.172329263043206,transition
1451,1451,12.005727872723313,transition
1452,1452,12.440012479486361,transition
1453,1453,11.994029300355884,transition
1454,1454,11.583640105243415,transition
1455,1455,10.792044603196132,transition
1456,1456,11.691427886622652,transition
1457,1457,12.906969891823984,transition
1458,1458,13.347266511546117,transition
1459,1459,13.615303022439166,transition
1460,1460,14.379859834955143,active
1461,1461,13.866391735602967,transition
1462,1462,16.05452565038319,active
1463,1463,14.934283304145103,active
1464,1464,16.810332902827838,active
1465,1465,16.799361312251502,active
1466,1466,15.792076555846043,active
1467,1467,15.295641745996816,active
1468,1468,16.211162183057624,active
1469,1469,14.888042862862198,active
1470,1470,15.448806895498171,active
1471,1471,16.012024620846343,active
1472,1472,15.951640017718415,active
1473,1473,14.826242672146506,active
1474,1474,15.23874761732696,active
1475,1475,14.903299316782952,active
1476,1476,15.24084220449827,active
1477,1477,15.694155938055719,active
1478,1478,15.604768090230035,active
1479,1479,16.008212275311152,active
1480,1480,16.608018739761945,active
1481,1481,15.648032278984404,active
1482,1482,15.168292044431134,active
1483,1483,16.956149875342856,active
1484,1484,17.375637719016712,active
1485,1485,17.202224084829865,active
1486,1486,16.84192438505901,active
1487,1487,17.025132122990748,active
1488,1488,15.631285022205697,active
1489,1489,15.807894120401683,active
1490,1490,15.50805132189997,active
1491,1491,16.239031979583878,active
1492,1492,15.963160371907263,active
1493,1493,15.482052007590138,active
1494,1494,16.331511602604195,active
1495,1495,14.89706113262658,active
1496,1496,16.229027189435406,active
1497,1497,16.061983667504293,active
1498,1498,15.478653502522059,active
1499,1499,15.790720883050842,active
1500,1500,16.953545971101512,active
1501,1501,14.967749983966176,active
1502,1502,16.718879641166208,active
1503,1503,16.31401680118417,active
1504,1504,17.15414062145346,active
1505,1505,17.208440808741855,active
1506,1506,15.224900014781953,active
1507,1507,15.346713774273338,active
1508,1508,15.567170077390173,active
1509,1509,15.723207905803422,active
1510,1510,15.712503373664278,active
1511,1511,14.993845415373965,active
1512,1512,13.972741631250228,transition
1513,1513,14.970858992987756,active
1514,1514,15.36489481596789,active
1515,1515,14.465057219313433,active
1516,1516,13.565457865300504,transition
1517,1517,14.757024647675758,active
1518,1518,14.290084303497348,active
1519,1519,13.166599040856017,transition
1520,1520,12.808785175538052,transition
1521,1521,13.455714495373954,transition
1522,1522,12.89026340060912,transition
1523,1523,13.800807691957855,transition
1524,1524,14.006859708396128,active
1525,1525,12.712877887370324,transition
1526,1526,14.403327972811772,active
1527,1527,14.296175718852433,active
1528,1528,13.452055227284324,transition
1529,1529,14.807009433855603,active
1530,1530,15.159407116000997,active
1531,1531,15.504921034445951,active
1532,1532,13.968075579324664,transition
1533,1533,14.71123028034537,active
1534,1534,15.540976179531235,active
1535,1535,16.50426994891934,active
1536,1536,15.748059197267773,active
1537,1537,17.146432552969763,active
1538,1538,15.22877571648896,active
1539,1539,15.415232020811443,active
1540,1540,15.897955452534816,active
1541,1541,15.509473301087487,active
1542,1542,13.760844951392711,transition
1543,1543,14.391407062721527,active
1544,1544,14.259660949369408,active
1545,1545,13.625533437337866,transition
1546,1546,12.449242037524318,transition
1547,1547,13.329688641508671,transition
1548,1548,14.40667772857918,active
1549,1549,14.453050636644255,active
1550,1550,14.614021567017417,active
1551,1551,13.679449395553288,transition
1552,1552,14.095122248348751,active
1553,1553,13.414562641808454,transition
1554,1554,13.816051312602337,transition
1555,1555,13.493229566929852,transition
1556,1556,11.860509740350956,transition
1557,1557,14.558952356557745,active
1558,1558,15.9688356732338,active
1559,1559,14.80632554183928,active
1560,1560,14.912591627403652,active
1561,1561,14.864637359460867,active
1562,1562,15.547028796122905,active
1563,1563,15.559728789659612,active
1564,1564,15.99196880029546,active
1565,1565,15.444969743031526,active
1566,1566,14.88838992890786,active
1567,1567,14.045946513412323,active
1568,1568,14.769618359464005,active
1569,1569,13.496921160183293,transition
1570,1570,12.18376809520711,transition
1571,1571,12.183475401534764,transition
1572,1572,11.654095668765724,transition
1573,1573,13.802254751014228,transition
1574,1574,12.493760747566421,transition
1575,1575,12.789743946278739,transition
1576,1576,13.735364331308652,transition
1577,1577,13.800943798209754,transition
1578,1578,13.86219967089367,transition
1579,1579,13.687969259225444,transition
1580,1580,14.785919745984321,active
1581,1581,14.670055836124943,active
1582,1582,14.00413647101209,active
1583,1583,14.953696491400114,active
1584,1584,14.124857133503856,active
1585,1585,14.34530712551987,active
1586,1586,14.862779130879467,active
1587,1587,13.895176523395534,transition
1588,1588,15.385776070882743,active
1589,1589,17.163677831533168,active
1590,1590,16.305708435927954,active
1591,1591,18.45288010265658,active
1592,1592,17.67540433786387,active
1593,1593,19.02497721427251,active
1594,1594,18.476258494233875,active
1595,1595,17.71063852815346,active
1596,1596,17.421200626150846,active
1597,1597,15.730212698297379,active
1598,1598,14.626245965946417,active
1599,1599,15.315987269970611,active
1600,1600,16.032649266880345,active
1601,1601,15.883857097248482,active
1602,1602,18.228467876310706,active
1603,1603,16.703627223326812,active
1604,1604,16.730798101199913,active
1605,1605,16.84869655985575,active
1606,1606,17.91149409785054,active
1607,1607,17.907955003753887,active
1608,1608,18.674519274647384,active
1609,1609,18.20732945819131,active
1610,1610,19.06759040812264,active
1611,1611,18.850859658200996,active
1612,1612,17.34222838733966,active
1613,1613,19.73463278896258,active
1614,1614,19.312491902536635,active
1615,1615,2.0189120459186616,inactive
1616,1616,18.85548954920611,active
1617,1617,1.9301758245337468,inactive
1618,1618,2.004644216820774,inactive
1619,1619,18.85764843089097,active
1620,1620,17.800185132283133,active
1621,1621,18.49134754863184,active
1622,1622,18.50897605943163,active
1623,1623,2.3303385011143973,inactive
1624,1624,2.2285139044495645,inactive
1625,1625,2.2282590168928773,inactive
1626,1626,2.3689350858520637,inactive
1627,1627,18.637509606966272,active
1628,1628,18.34913414498741,active
1629,1629,16.62110007888214,active
1630,1630,17.927959639336876,active
1631,1631,16.226348337589318,active
1632,1632,16.10296488301479,active
1633,1633,18.17056157790259,active
1634,1634,17.863553883809498,active
1635,1635,16.664257057882523,active
1636,1636,16.345665368985312,active
1637,1637,16.502198770698012,active
1638,1638,17.313403221583922,active
1639,1639,16.491658647018753,active
1640,1640,19.256584514614275,active
1641,1641,20.0120142259367,active
1642,1642,18.039251018708406,active
1643,1643,18.976311928055416,active
1644,1644,17.943353215764656,active
1645,1645,19.64220327356508,active
1646,1646,19.383169432828243,active
1647,1647,17.45865112177792,active
1648,1648,19.24224694765445,active
1649,1649,19.79374388787991,active
1650,1650,19.45096380074948,active
1651,1651,18.978823740156788,active
1652,1652,18.648714621501497,active
1653,1653,18.27372508495974,active
1654,1654,19.922953672169573,active
1655,1655,19.24476442512419,active
1656,1656,1.8798365677915814,inactive
1657,1657,1.7130576893132428,inactive
1658,1658,1.8557897956668215,inactive
1659,1659,2.027922794237414,inactive
1660,1660,2.286015904634898,inactive
1661,1661,2.1231921371381977,inactive
1662,1662,2.518351950835484,inactive
1663,1663,2.368524325549546,inactive
1664,1664,1.9945789770174096,inactive
1665,1665,2.1177617867728866,inactive
1666,1666,1.7776573220362053,inactive
1667,1667,2.2858552676035955,inactive
1668,1668,2.3162242878205346,inactive
1669,1669,2.4097405711836775,inactive
1670,1670,2.3488728677701634,inactive
1671,1671,1.8402314037401315,inactive
1672,1672,2.161168897940202,inactive
1673,1673,2.193034906423992,inactive
1674,1674,2.683292124810539,inactive
1675,1675,2.93373951978735,inactive
1676,1676,2.50509729706636,inactive
1677,1677,2.714121986624855,inactive
1678,1678,1.9631904322126454,inactive
1679,1679,1.7227278215384554,inactive
1680,1680,1.6741593018813772,inactive
1681,1681,1.7753364364790414,inactive
1682,1682,1.9427868639143362,inactive
1683,1683,2.264813526143723,inactive
1684,1684,2.2764145692787072,inactive
1685,1685,2.1126577374033713,inactive
1686,1686,2.1318355079171174,inactive
1687,1687,2.277709068363073,inactive
1688,1688,2.2917540918454375,inactive
1689,1689,2.2363831438351465,inactive
1690,1690,2.42190809493302,inactive
1691,1691,2.6119866963637617,inactive
1692,1692,2.7727187866819882,inactive
1693,1693,1.9354763577909666,inactive
1694,1694,2.4368366690624326,inactive
1695,1695,2.511161700851782,inactive
1696,1696,2.1543478309839896,inactive
1697,1697,1.9467016511083797,inactive
1698,1698,2.1546805973831797,inactive
1699,1699,1.9710658493531752,inactive
1700,1700,2.207968015885509,inactive
1701,1701,2.815004019835337,inactive
1702,1702,3.0457672528218973,inactive
1703,1703,2.5329913300927442,inactive
1704,1704,2.8466303476703843,inactive
1705,1705,2.5278309741695995,inactive
1706,1706,2.6018106799886134,inactive
1707,1707,2.9251921652754924,inactive
1708,1708,2.9327157458640265,inactive
1709,1709,2.6965136634669555,inactive
1710,1710,2.797446438141366,inactive
1711,1711,3.110813453748272,inactive
1712,1712,3.834503308685658,inactive
1713,1713,2.567963899610509,inactive
1714,1714,2.231348664791305,inactive
1715,1715,2.2700068345557534,inactive
1716,1716,2.446413943093858,inactive
1717,1717,1.867943903301388,inactive
1718,1718,2.1201395584268337,inactive
1719,1719,2.148403900226325,inactive
1720,1720,1.8196930167888241,inactive
1721,1721,1.8791836511957292,inactive
1722,1722,1.948279642678635,inactive
1723,1723,2.075726222148952,inactive
1724,1724,1.5809036895772894,inactive
1725,1725,1.8925819968075488,inactive
1726,1726,1.9025460543167845,inactive
1727,1727,2.36225184196361,inactive
1728,1728,2.049020546897324,inactive
1729,1729,1.7702770394094778,inactive
1730,1730,2.21403989686705,inactive
1731,1731,1.9003008657772762,inactive
1732,1732,1.9485225654402951,inactive
1733,1733,2.521899896537215,inactive
1734,1734,2.6892307955673123,inactive
1735,1735,2.3871900264541157,inactive
1736,1736,2.730880713213086,inactive
1737,1737,3.400178960708563,inactive
1738,1738,2.73925227481156,inactive
1739,1739,3.031866070152182,inactive
1740,1740,3.025773917614767,inactive
1741,1741,2.769261563174358,inactive
1742,1742,2.5611929784505767,inactive
1743,1743,2.5412378576869026,inactive
1744,1744,2.470907387709194,inactive
1745,1745,2.4436804053328007,inactive
1746,1746,2.4565043777959943,inactive
1747,1747,2.498030451307738,inactive
1748,1748,2.663092925085968,inactive
1749,1749,2.548957698704819,inactive
1750,1750,2.8199930331028247,inactive
1751,1751,2.7180727158868456,inactive
1752,1752,2.3651690445180273,inactive
1753,1753,2.8665953106056596,inactive
1754,1754,3.2499127820713936,inactive
1755,1755,3.005967743588938,inactive
1756,1756,2.4959471142223086,inactive
1757,1757,2.157462761972182,inactive
1758,1758,2.0840979622957616,inactive
1759,1759,1.983433129629638,inactive
1760,1760,2.2238083369828114,inactive
1761,1761,2.2166817095222715,inactive
1762,1762,2.1241547401631364,inactive
1763,1763,1.8745652758170666,inactive
1764,1764,2.0061009502311182,inactive
1765,1765,1.696872830320023,inactive
1766,1766,1.6471513470703276,inactive
1767,1767,1.7222048691151295,inactive
1768,1768,1.666830862548854,inactive
1769,1769,1.7081985054318702,inactive
1770,1770,1.9597531700356843,inactive
1771,1771,2.369598045879193,inactive
1772,1772,2.2964025106920953,inactive
1773,1773,2.48908966560774,inactive
1774,1774,2.759838797290239,inactive
1775,1775,2.8161853146313414,inactive
1776,1776,2.349366258656392,inactive
1777,1777,2.4740241386638164,inactive
1778,1778,2.5631475537021666,inactive
1779,1779,2.768734313008173,inactive
1780,1780,2.760357480272173,inactive
1781,1781,2.8684953616687805,inactive
1782,1782,3.1478723095548578,inactive
1783,1783,3.263696566886896,inactive
1784,1784,4.239862695824806,inactive
1785,1785,3.692434010794008,inactive
1786,1786,4.260882207102144,inactive
1787,1787,3.880106361910493,inactive
1788,1788,3.373207343514408,inactive
1789,1789,2.8508100865129467,inactive
1790,1790,2.623797377465541,inactive
1791,1791,2.4785878430026367,inactive
1792,1792,2.3102514340569233,inactive
1793,1793,2.454840649578712,inactive
1794,1794,2.5897115653500826,inactive
1795,1795,2.913436955286795,inactive
1796,1796,3.1175784708891303,inactive
1797,1797,2.6029842099670137,inactive
1798,1798,2.889158056910026,inactive
1799,1799,3.467153815933809,inactive
1800,1800,3.8151644299242164,inactive
1801,1801,4.3261790641917015,inactive
1802,1802,3.8819974466072855,inactive
1803,1803,3.6062465307969633,inactive
1804,1804,2.9547648691263166,inactive
1805,1805,3.708381585421537,inactive
1806,1806,4.054390118043318,inactive
1807,1807,3.757596569521233,inactive
1808,1808,4.345731998598727,inactive
1809,1809,4.145358390008081,inactive
1810,1810,3.7147210284974532,inactive
1811,1811,4.2169933718224835,inactive
1812,1812,4.2581655299678545,inactive
1813,1813,3.8937189732132516,inactive
1814,1814,3.1695834828812846,inactive
1815,1815,2.9141326297878964,inactive
1816,1816,3.234918820322358,inactive
1817,1817,3.661177813136629,inactive
1818,1818,3.6823827582224324,inactive
1819,1819,4.025389884592858,inactive
1820,1820,3.1769872846619105,inactive
1821,1821,3.3128235333817213,inactive
1822,1822,2.9840498734432286,inactive
1823,1823,2.366875888362979,inactive
1824,1824,2.2201097382859194,inactive
1825,1825,2.4072726600373016,inactive
1826,1826,2.6847064323444596,inactive
1827,1827,2.444658838089258,inactive
1828,1828,2.5337677002901087,inactive
1829,1829,2.1255032532653386,inactive
1830,1830,2.1852947912075757,inactive
1831,1831,2.129821710705501,inactive
1832,1832,2.39627292483562,inactive
1833,1833,2.629669244642407,inactive
1834,1834,2.47380147631241,inactive
1835,1835,21.61477422919485,active
1836,1836,2.088307352091105,inactive
1837,1837,2.4300477398506266,inactive
1838,1838,2.312216350847997,inactive
1839,1839,2.2314364801896276,inactive
1840,1840,19.337539370401498,active
1841,1841,19.84053909853935,active
1842,1842,19.8940813471617,active
1843,1843,20.763388613764313,active
1844,1844,1.8880270057349486,inactive
1845,1845,1.9360188293389882,inactive
1846,1846,1.7813896019097297,inactive
1847,1847,1.6574749386761232,inactive
1848,1848,1.841856274009877,inactive
1849,1849,1.734989076331497,inactive
1850,1850,1.3412341666411682,inactive
1851,1851,1.232876194456242,inactive
1852,1852,1.3440536317026828,inactive
1853,1853,1.361794513188709,inactive
1854,1854,1.5455232173365598,inactive
1855,1855,1.5073254320549117,inactive
1856,1856,1.619789011183619,inactive
1857,1857,1.5211278139737172,inactive
1858,1858,1.8103216947167515,inactive
1859,1859,1.86074012372194,inactive
1860,1860,1.6109749210103395,inactive
1861,1861,1.3929472652532517,inactive
1862,1862,1.7848492537782152,inactive
1863,1863,1.6251599219199564,inactive
1864,1864,1.968712456533411,inactive
1865,1865,1.8814884493849615,inactive
1866,1866,1.7430462079836766,inactive
1867,1867,1.7261651697807177,inactive
1868,1868,1.9559315779070494,inactive
1869,1869,2.2534424039063183,inactive
1870,1870,2.077959560498302,inactive
1871,1871,2.036917914927997,inactive
1872,1872,2.419436170154169,inactive
1873,1873,2.418510863459618,inactive
1874,1874,2.6018338602697026,inactive
1875,1875,2.839817176549636,inactive
1876,1876,2.5451757563985415,inactive
1877,1877,2.1777714600435596,inactive
1878,1878,2.09815831770541,inactive
1879,1879,2.0967363902206646,inactive
1880,1880,1.7719888377143094,inactive
1881,1881,2.174977707222181,inactive
1882,1882,1.8641415598954758,inactive
1883,1883,2.262969557883056,inactive
1884,1884,2.5292215091899664,inactive
1885,1885,2.322887813447153,inactive
1886,1886,1.9234665612488027,inactive
1887,1887,2.2364819810252694,inactive
1888,1888,2.18653203885878,inactive
1889,1889,2.3875457345790094,inactive
1890,1890,2.790885433788933,inactive
1891,1891,2.4664113753585117,inactive
1892,1892,2.1248025856574104,inactive
1893,1893,2.04493999869663,inactive
1894,1894,2.19713937676786,inactive
1895,1895,1.8920430273552709,inactive
1896,1896,2.017250950265834,inactive
1897,1897,2.1520860647636613,inactive
1898,1898,2.121333043912975,inactive
1899,1899,2.281805934419362,inactive
1900,1900,2.584172392106398,inactive
1901,1901,2.0797347604039333,inactive
1902,1902,1.8797461966770361,inactive
1903,1903,2.2365430622683693,inactive
1904,1904,2.1159129476605716,inactive
1905,1905,2.3645554377085727,inactive
1906,1906,2.0562652263134,inactive
1907,1907,2.427441555687293,inactive
1908,1908,2.0497117589874034,inactive
1909,1909,2.1108940167483983,inactive
1910,1910,2.00179836344071,inactive
1911,1911,2.286640672664461,inactive
1912,1912,2.193603435476076,inactive
1913,1913,1.953810297917565,inactive
1914,1914,1.7376531895704281,inactive
1915,1915,1.864301531370882,inactive
1916,1916,1.9412874262140212,inactive
1917,1917,1.728214796998214,inactive
1918,1918,22.55251512104739,active
1919,1919,1.901305782201583,inactive
1920,1920,1.9633236490329722,inactive
1921,1921,2.0139767071686343,inactive
1922,1922,2.164172436616675,inactive
1923,1923,2.1024545451148393,inactive
1924,1924,2.068660029674828,inactive
1925,1925,2.03976252241225,inactive
1926,1926,1.93831486163761,inactive
1927,1927,18.630957366530986,active
1928,1928,2.0977919031357346,inactive
1929,1929,2.08720544160812,inactive
1930,1930,2.347872911921029,inactive
1931,1931,2.1511155300965634,inactive
1932,1932,2.4327410659225404,inactive
1933,1933,2.1906504178688273,inactive
1934,1934,2.1307238166,inactive
1935,1935,1.7166072907483165,inactive
1936,1936,1.9078682154944255,inactive
1937,1937,2.0980613741231133,inactive
1938,1938,1.919659584973286,inactive
1939,1939,17.049252074675675,active
1940,1940,1.8562527160312716,inactive
1941,1941,1.9873017459945674,inactive
1942,1942,2.0266995439009383,inactive
1943,1943,1.6340372859982932,inactive
1944,1944,1.5773529816934755,inactive
1945,1945,1.7769612223367863,inactive
1946,1946,1.7439071147491134,inactive
1947,1947,1.5806761327696486,inactive
1948,1948,1.7775533368205823,inactive
1949,1949,1.7629315383426318,inactive
1950,1950,1.6046414875505604,inactive
1951,1951,2.0009312838330815,inactive
1952,1952,17.367494091663982,active
1953,1953,18.224966674138905,active
1954,1954,18.979760028712313,active
1955,1955,18.463879516654373,active
1956,1956,2.5843339115127923,inactive
1957,1957,2.118368288576353,inactive
1958,1958,2.3166841455652003,inactive
1959,1959,1.9810240657231097,inactive
1960,1960,1.5547148157414439,inactive
1961,1961,1.7376272131322343,inactive
1962,1962,2.011288606935777,inactive
1963,1963,1.6310008169574217,inactive
1964,1964,20.87277784824938,active
1965,1965,19.943494468875972,active
1966,1966,18.75344558025776,active
1967,1967,1.8254993871969958,inactive
1968,1968,17.83880608238547,active
1969,1969,2.004131495586414,inactive
1970,1970,1.9434143142397071,inactive
1971,1971,2.0069282521010097,inactive
1972,1972,2.0609671080789607,inactive
1973,1973,1.7562820616641452,inactive
1974,1974,1.533832441792991,inactive
1975,1975,1.826497799757926,inactive
1976,1976,1.4567180323484679,inactive
1977,1977,1.6761345439985245,inactive
1978,1978,1.4575488762801272,inactive
1979,1979,1.4525216359693907,inactive
1980,1980,1.520417404358991,inactive
1981,1981,3.014444834704836,inactive
1982,1982,3.0493305046845833,inactive
1983,1983,3.0355089718283113,inactive
1984,1984,3.493946214282925,inactive
1985,1985,3.5721829361004556,inactive
1986,1986,3.27305904897386,inactive
1987,1987,3.6733421533313453,inactive
1988,1988,3.9535918812538884,inactive
1989,1989,29.89224797294849,active
1990,1990,4.170112197278212,inactive
1991,1991,28.75755505276711,active
1992,1992,28.50482196400872,active
1993,1993,26.32362124957595,active
1994,1994,25.377901388683753,active
1995,1995,27.973156739744237,active
1996,1996,28.56044360540286,active
1997,1997,4.289175711140434,inactive
1998,1998,27.177344062572068,active
1999,1999,27.72250888538567,active
2000,2000,4.615998924421386,inactive
2001,2001,4.4101638023885,inactive
2002,2002,5.1583798889375,inactive
2003,2003,27.385094285062088,active
2004,2004,27.33601458201389,active
2005,2005,27.787457119658292,active
2006,2006,27.661103546344336,active
2007,2007,5.165818619031578,inactive
2008,2008,4.295318929368886,inactive
2009,2009,29.83090512135632,active
2010,2010,25.755531135802954,active
2011,2011,25.253193536095793,active
2012,2012,26.30573964105711,active
2013,2013,4.8477928824152245,inactive
2014,2014,26.931307221538827,active
2015,2015,26.437257230163446,active
2016,2016,26.981691174407413,active
2017,2017,26.353322279277155,active
2018,2018,26.998908523710327,active
2019,2019,24.219412827070173,active
2020,2020,24.753897718353446,active
2021,2021,25.18089614197234,active
2022,2022,24.356984312858238,active
2023,2023,24.708550144256755,active
2024,2024,24.522346667281102,active
2025,2025,23.66208255183841,active
2026,2026,26.307851357176133,active
2027,2027,24.8275030841533,active
2028,2028,22.47099415927354,active
2029,2029,24.642009861175357,active
2030,2030,24.24137612317382,active
2031,2031,26.41672562011231,active
2032,2032,24.667383400437615,active
2033,2033,25.04437925938694,active
2034,2034,25.062946430698638,active
2035,2035,23.686335138957205,active
2036,2036,23.86586378334669,active
2037,2037,24.900278288929393,active
2038,2038,24.521073040781605,active
2039,2039,22.115221075992515,active
2040,2040,22.23968911439406,active
2041,2041,20.512002019108273,active
2042,2042,21.11986107159747,active
2043,2043,20.03734498526998,active
2044,2044,21.819394163967342,active
2045,2045,21.144233654511094,active
2046,2046,19.55164304487914,active
2047,2047,21.700844858641982,active
2048,2048,22.31701392392723,active
2049,2049,21.054184766130764,active
2050,2050,20.887289541842524,active
2051,2051,19.237848338385998,active
2052,2052,20.360782575865617,active
2053,2053,20.094911287868523,active
2054,2054,19.150884935291117,active
2055,2055,22.52394603168691,active
2056,2056,23.57828258712703,active
2057,2057,22.414328936279738,active
2058,2058,22.047164168996968,active
2059,2059,21.400265268971445,active
2060,2060,19.6863261303166,active
2061,2061,22.960276963048795,active
2062,2062,24.213379819856204,active
2063,2063,24.31506026175115,active
2064,2064,23.874466051269113,active
2065,2065,21.989320667320985,active
2066,2066,20.842205211489322,active
2067,2067,21.897781826027174,active
2068,2068,21.241182434242877,active
2069,2069,20.06675760688242,active
2070,2070,19.227133653771343,active
2071,2071,17.306778539703746,active
2072,2072,19.092227492308396,active
2073,2073,19.0869278815357,active
2074,2074,19.85617679735591,active
2075,2075,19.830959808004124,active
2076,2076,18.71127239226344,active
2077,2077,18.537468608048194,active
2078,2078,18.09997047820855,active
2079,2079,17.830935171425885,active
2080,2080,18.70678765334932,active
2081,2081,17.80552452035571,active
2082,2082,15.943987964558547,active
2083,2083,17.6068126119765,active
2084,2084,17.26465622884168,active
2085,2085,17.375325035032454,active
2086,2086,16.202555752269117,active
2087,2087,16.934145847603528,active
2088,2088,18.2381112628793,active
2089,2089,18.0095261512561,active
2090,2090,17.484985723137765,active
2091,2091,18.206888424503255,active
2092,2092,15.429767415802845,active
2093,2093,17.570615808044906,active
2094,2094,16.720250807730505,active
2095,2095,16.619062884354804,active
2096,2096,16.337698230219097,active
2097,2097,17.637988185303907,active
2098,2098,18.94821961460271,active
2099,2099,20.04401437329829,active
2100,2100,20.18304647031986,active
2101,2101,18.194425962561763,active
2102,2102,19.960097166120697,active
2103,2103,23.018493337610483,active
2104,2104,21.408947570637743,active
2105,2105,22.13697147397989,active
2106,2106,23.202012903380542,active
2107,2107,21.26609221034306,active
2108,2108,21.030228171049725,active
2109,2109,19.798226799192335,active
2110,2110,20.747414129612082,active
2111,2111,20.92109356727724,active
2112,2112,19.843455227132324,active
2113,2113,20.26586450892016,active
2114,2114,23.47362730550116,active
2115,2115,22.577365382208978,active
2116,2116,21.86089187300594,active
2117,2117,23.373689340855872,active
2118,2118,22.740476107790887,active
2119,2119,22.033599730229458,active
2120,2120,22.71858665868549,active
2121,2121,21.511927175799396,active
2122,2122,21.5750821110479,active
2123,2123,22.494451925264592,active
2124,2124,21.666751145637654,active
2125,2125,22.16515936670253,active
2126,2126,21.70474933499436,active
2127,2127,20.993965028055523,active
2128,2128,20.945499856424664,active
2129,2129,20.980112887190472,active
2130,2130,21.972844029946977,active
2131,2131,20.737583035606733,active
2132,2132,23.023767817556088,active
2133,2133,22.65469680636241,active
2134,2134,21.6925909487759,active
2135,2135,21.6345813701208,active
2136,2136,21.26826274618507,active
2137,2137,21.759943886574337,active
2138,2138,22.27895682214841,active
2139,2139,23.3438790331872,active
2140,2140,21.11887515063215,active
2141,2141,22.14884007411446,active
2142,2142,20.045253790897725,active
2143,2143,19.5819501310974,active
2144,2144,19.347137062676847,active
2145,2145,19.899987044563858,active
2146,2146,18.329896284653827,active
2147,2147,20.596944733430092,active
2148,2148,21.088258989449315,active
2149,2149,19.850475019704255,active
2150,2150,20.57041058381287,active
2151,2151,20.31240152428217,active
2152,2152,20.728456764302173,active
2153,2153,21.081099779312023,active
2154,2154,20.63034109969721,active
2155,2155,21.227509155605325,active
2156,2156,19.933740241908847,active
2157,2157,22.14963703274848,active
2158,2158,20.10806479635213,active
2159,2159,19.52023463277725,active
2160,2160,20.123627465187283,active
2161,2161,19.0618085332737,active
2162,2162,21.004770465522384,active
2163,2163,20.909273071157255,active
2164,2164,19.993046350563347,active
2165,2165,21.331141954876276,active
2166,2166,21.25334284812272,active
2167,2167,21.93567979413648,active
2168,2168,23.25813632555909,active
2169,2169,22.541682913308392,active
2170,2170,4.478321346247186,inactive
2171,2171,22.990161696646005,active
2172,2172,24.169572052237505,active
2173,2173,23.75509955111625,active
2174,2174,24.369219805832678,active
2175,2175,24.70574117126536,active
2176,2176,5.730890741941889,inactive
2177,2177,5.782459920623791,inactive
2178,2178,5.269897191402264,inactive
2179,2179,5.088039939650967,inactive
2180,2180,5.1306736955621925,inactive
2181,2181,6.514828948721384,inactive
2182,2182,6.128533628301485,inactive
2183,2183,5.946089143731008,inactive
2184,2184,6.04741004675652,inactive
2185,2185,5.774417886812331,inactive
2186,2186,5.300677823107125,inactive
2187,2187,5.411322583836395,inactive
2188,2188,5.3124616962713445,inactive
2189,2189,6.064870657588557,inactive
2190,2190,6.156343310873691,inactive
2191,2191,6.228937410669786,inactive
2192,2192,4.935589298966434,inactive
2193,2193,7.080288276503554,inactive
2194,2194,7.4681458146445845,inactive
2195,2195,6.821004198144542,inactive
2196,2196,6.002598180842189,inactive
2197,2197,6.451123161504526,inactive
2198,2198,6.0378543382168655,inactive
2199,2199,6.240892590605682,inactive
2200,2200,5.467121305116959,inactive
2201,2201,6.142009772076607,inactive
2202,2202,5.9545720068105945,inactive
2203,2203,5.9446999692594105,inactive
2204,2204,6.10861588454955,inactive
2205,2205,7.227035020106213,inactive
2206,2206,6.985879349858468,inactive
2207,2207,6.455986181665569,inactive
2208,2208,6.075161022655909,inactive
2209,2209,6.27428056398708,inactive
2210,2210,6.690775410362422,inactive
2211,2211,7.150918682269295,inactive
2212,2212,6.969477498449914,inactive
2213,2213,7.429469771969179,inactive
2214,2214,7.004508392191342,inactive
2215,2215,8.232663755147078,inactive
2216,2216,8.27022072344733,inactive
2217,2217,7.3453777008315795,inactive
2218,2218,7.172813506766546,inactive
2219,2219,6.505724406311357,inactive
2220,2220,5.595913824418298,inactive
2221,2221,5.9479133034960014,inactive
2222,2222,5.482418530253811,inactive
2223,2223,4.804902984682916,inactive
2224,2224,4.835278301068943,inactive
2225,2225,4.556515350526784,inactive
2226,2226,5.391819901143485,inactive
2227,2227,5.579058573492688,inactive
2228,2228,5.769069982321792,inactive
2229,2229,5.224570911339514,inactive
2230,2230,5.38275068375091,inactive
2231,2231,5.802395721205104,inactive
2232,2232,6.047831505697392,inactive
2233,2233,6.558599076913303,inactive
2234,2234,6.490528997008993,inactive
2235,2235,7.3688955371079015,inactive
2236,2236,6.962939865772193,inactive
2237,2237,6.834147129056737,inactive
2238,2238,6.977594810894382,inactive
2239,2239,6.976460268495417,inactive
2240,2240,7.329806724289482,inactive
2241,2241,7.251302421931719,inactive
2242,2242,6.915236515805502,inactive
2243,2243,7.526846059241598,inactive
2244,2244,7.472169269960237,inactive
2245,2245,7.316299166408337,inactive
2246,2246,7.2631593053880295,inactive
2247,2247,5.683043466820139,inactive
2248,2248,6.332802845194815,inactive
2249,2249,6.7325882441734715,inactive
2250,2250,6.762700826157075,inactive
2251,2251,6.569150393672173,inactive
2252,2252,5.839263714270364,inactive
2253,2253,4.985260066472726,inactive
2254,2254,6.131799269861531,inactive
2255,2255,5.426399194300812,inactive
2256,2256,6.316865935805154,inactive
2257,2257,5.9513330560567645,inactive
2258,2258,7.312582927231916,inactive
2259,2259,6.926907285784346,inactive
2260,2260,7.601232223197592,inactive
2261,2261,7.3662081610992445,inactive
2262,2262,6.215006973954517,inactive
2263,2263,6.256049408889854,inactive
2264,2264,6.2880667364844856,inactive
2265,2265,5.391863609234459,inactive
2266,2266,5.009344251025548,inactive
2267,2267,4.258156460427743,inactive
2268,2268,4.48989174986448,inactive
2269,2269,4.070947265797212,inactive
2270,2270,4.416037647013233,inactive
2271,2271,4.4861074565875025,inactive
2272,2272,3.260166852697945,inactive
2273,2273,4.331528974226273,inactive
2274,2274,3.8037392734417477,inactive
2275,2275,3.2929279440288903,inactive
2276,2276,3.0852402335152074,inactive
2277,2277,2.898857922369862,inactive
2278,2278,2.3050171660382293,inactive
2279,2279,2.458298024152035,inactive
2280,2280,2.5789675594600814,inactive
2281,2281,2.966174339865647,inactive
2282,2282,3.0996594221901095,inactive
2283,2283,2.8391116689867335,inactive
2284,2284,2.9802353910272426,inactive
2285,2285,2.499424326050639,inactive
2286,2286,3.0309618522011204,inactive
2287,2287,2.873177045321883,inactive
2288,2288,3.089824732449941,inactive
2289,2289,2.9911543518241603,inactive
2290,2290,3.0014192381454063,inactive
2291,2291,2.8514472856420277,inactive
2292,2292,2.3831673467891576,inactive
2293,2293,2.6016729340418063,inactive
2294,2294,2.961848216451091,inactive
2295,2295,2.8763925568062607,inactive
2296,2296,2.3259089996045503,inactive
2297,2297,2.717117843262253,inactive
2298,2298,3.3170886301554523,inactive
2299,2299,3.6848753479741063,inactive
2300,2300,2.927904104134827,inactive
2301,2301,2.4605203133806497,inactive
2302,2302,2.677780685427206,inactive
2303,2303,2.484710430354253,inactive
2304,2304,3.3102409695703043,inactive
2305,2305,4.263233986214858,inactive
2306,2306,4.107416131472365,inactive
2307,2307,4.468127249504222,inactive
2308,2308,4.805269011536632,inactive
2309,2309,6.064935725463528,inactive
2310,2310,6.227193618437638,inactive
2311,2311,6.944927316287194,inactive
2312,2312,7.32189974519622,inactive
2313,2313,7.497116289960757,inactive
2314,2314,8.231136717771443,inactive
2315,2315,9.22264689550525,transition
2316,2316,7.532318443729881,inactive
2317,2317,9.007625462640053,transition
2318,2318,7.823691214198736,inactive
2319,2319,7.3017246059989205,inactive
2320,2320,8.226968942734398,inactive
2321,2321,8.281704527247951,inactive
2322,2322,7.584351430241165,inactive
2323,2323,7.301059916624935,inactive
2324,2324,8.299649106410797,inactive
2325,2325,7.609205541798667,inactive
2326,2326,7.283643463237598,inactive
2327,2327,7.600452423549164,inactive
2328,2328,6.947874235412388,inactive
2329,2329,6.54292850405471,inactive
2330,2330,7.349249175963059,inactive
2331,2331,7.02663024732051,inactive
2332,2332,7.262408581471541,inactive
2333,2333,8.178881176500633,inactive
2334,2334,8.28115791192538,inactive
2335,2335,7.556245360155316,inactive
2336,2336,8.093329887410942,inactive
2337,2337,7.342282785931473,inactive
2338,2338,6.814931271392093,inactive
2339,2339,7.276616390426572,inactive
2340,2340,6.87080749080119,inactive
2341,2341,6.606203595105113,inactive
2342,2342,6.008320154027274,inactive
2343,2343,5.5743684409884775,inactive
2344,2344,5.591650189098081,inactive
2345,2345,5.237972615923419,inactive
2346,2346,5.243795757007502,inactive
2347,2347,5.281814092204651,inactive
2348,2348,5.100841256422461,inactive
2349,2349,4.587225138107656,inactive
2350,2350,4.707835545198012,inactive
2351,2351,5.077105317460327,inactive
2352,2352,5.131024674160911,inactive
2353,2353,4.853664961321087,inactive
2354,2354,4.226036327045676,inactive
2355,2355,4.332533472878464,inactive
2356,2356,4.639925931839604,inactive
2357,2357,5.215326817444034,inactive
2358,2358,4.955438777876751,inactive
2359,2359,4.364098383193485,inactive
2360,2360,4.402250127727365,inactive
2361,2361,4.028536975868291,inactive
2362,2362,4.782652378162677,inactive
2363,2363,4.55480242216511,inactive
2364,2364,4.901162122365625,inactive
2365,2365,4.932395240324251,inactive
2366,2366,5.426864806170102,inactive
2367,2367,5.416796263505711,inactive
2368,2368,5.1447201682414585,inactive
2369,2369,5.68073962018045,inactive
2370,2370,5.327656621511179,inactive
2371,2371,1.935097470181456,inactive
2372,2372,5.917413191520762,inactive
2373,2373,5.8403510240741205,inactive
2374,2374,4.500329223505815,inactive
2375,2375,4.673100564484273,inactive
2376,2376,4.345704001699968,inactive
2377,2377,4.296138683258154,inactive
2378,2378,0.7374230682433793,inactive
2379,2379,1.0208287385008628,inactive
2380,2380,1.0808205817396594,inactive
2381,2381,4.532814522985097,inactive
2382,2382,5.829765153264537,inactive
2383,2383,5.734615353867305,inactive
2384,2384,6.279377678965961,inactive
2385,2385,5.5946276210318615,inactive
2386,2386,5.549099577151034,inactive
2387,2387,4.9848337986592925,inactive
2388,2388,5.707192112225486,inactive
2389,2389,4.820043894446215,inactive
2390,2390,4.100680317438265,inactive
2391,2391,4.537910857190375,inactive
2392,2392,4.420539680903633,inactive
2393,2393,3.994724211127398,inactive
2394,2394,3.9625344559649855,inactive
2395,2395,4.86303003734639,inactive
2396,2396,3.981989800090509,inactive
2397,2397,3.723453982204064,inactive
2398,2398,4.218017305631751,inactive
2399,2399,4.511769839945064,inactive
2400,2400,5.267945297619349,inactive
2401,2401,4.857780646398876,inactive
2402,2402,5.007576267978143,inactive
2403,2403,4.934291976538647,inactive
2404,2404,4.684462462469549,inactive
2405,2405,5.340972093665652,inactive
2406,2406,4.129977416106037,inactive
2407,2407,5.349380144013048,inactive
2408,2408,5.8995070174307775,inactive
2409,2409,5.779384270218477,inactive
2410,2410,5.05597381691244,inactive
2411,2411,5.084159304088509,inactive
2412,2412,4.886402665621848,inactive
2413,2413,5.043133283078987,inactive
2414,2414,5.365485960464652,inactive
2415,2415,5.739289444298889,inactive
2416,2416,5.194627231278264,inactive
2417,2417,5.334843038086458,inactive
2418,2418,5.773186868121276,inactive
2419,2419,5.8219327601442465,inactive
2420,2420,5.858445895898955,inactive
2421,2421,5.116035245985776,inactive
2422,2422,5.0155845845760725,inactive
2423,2423,5.054415815845304,inactive
2424,2424,5.107181655187631,inactive
2425,2425,5.645133065245432,inactive
2426,2426,6.261477796888099,inactive
2427,2427,2.0365347380430174,inactive
2428,2428,5.759969395672561,inactive
2429,2429,6.783662778933336,inactive
2430,2430,6.000896784842997,inactive
2431,2431,6.202281405000696,inactive
2432,2432,5.855619165044368,inactive
2433,2433,5.211699774063721,inactive
2434,2434,4.686098301845517,inactive
2435,2435,4.393250840841843,inactive
2436,2436,4.363487372808011,inactive
2437,2437,4.19227864255919,inactive
2438,2438,3.885252636584606,inactive
2439,2439,4.648945641168702,inactive
2440,2440,4.588353562548911,inactive
2441,2441,4.3291458912471334,inactive
2442,2442,4.311011867662998,inactive
2443,2443,4.14371754885365,inactive
2444,2444,3.376355045884377,inactive
2445,2445,3.0792771893158086,inactive
2446,2446,3.9174719733120438,inactive
2447,2447,4.345511608773873,inactive
2448,2448,4.1260741627335245,inactive
2449,2449,3.4369137473608053,inactive
2450,2450,4.219094176987122,inactive
2451,2451,3.9043567338376644,inactive
2452,2452,4.230767926090955,inactive
2453,2453,4.120030463356862,inactive
2454,2454,4.1972254095462,inactive
2455,2455,4.706473842938923,inactive
2456,2456,5.206227202886366,inactive
2457,2457,4.739290781363534,inactive
2458,2458,4.259633393321417,inactive
2459,2459,4.69407335312157,inactive
2460,2460,4.42656507252692,inactive
2461,2461,4.208965492492308,inactive
2462,2462,4.628660548975143,inactive
2463,2463,4.689755931497174,inactive
2464,2464,4.503188637276755,inactive
2465,2465,3.4700675650886392,inactive
2466,2466,3.930657075153018,inactive
2467,2467,3.6165117772338666,inactive
2468,2468,4.0080461191548995,inactive
2469,2469,4.161104850706329,inactive
2470,2470,3.851057400422679,inactive
2471,2471,4.142693738921551,inactive
2472,2472,1.1870828773808282,inactive
2473,2473,4.388220586784469,inactive
2474,2474,1.7263390510422445,inactive
2475,2475,3.192797816092532,inactive
2476,2476,2.8882876911115845,inactive
2477,2477,3.694579081935528,inactive
2478,2478,4.4046930674681715,inactive
2479,2479,4.899334816584821,inactive
2480,2480,5.3515871111511375,inactive
2481,2481,4.812754029454252,inactive
2482,2482,4.984239339492969,inactive
2483,2483,2.075085464099338,inactive
2484,2484,2.041971550799363,inactive
2485,2485,1.8664657944298537,inactive
2486,2486,2.033788708322062,inactive
2487,2487,1.5669559196518956,inactive
2488,2488,3.0693779850357545,inactive
2489,2489,3.8316186480959287,inactive
2490,2490,3.8857651839192346,inactive
2491,2491,3.3757080848131578,inactive
2492,2492,4.020539708538789,inactive
2493,2493,4.785199600268912,inactive
2494,2494,4.772406782976597,inactive
2495,2495,4.356519802019968,inactive
2496,2496,3.988222898295542,inactive
2497,2497,4.2524988279929214,inactive
2498,2498,4.851441372427792,inactive
2499,2499,4.194498542473957,inactive
